Citation Number,Date Issued,Time Issued,Location,District,Cited Person Age,Cited Person Sex,Cited Person Race,Offense Code,Offense Description,Officer Age,Officer Sex,Officer Race
    C5601,6/27/2017,6:27:00 PM,W PATTERSON DR & S MORTON ST,LB412,35,M,B,9-18-2-7,EXPIRED LICENSE PLATES,27,M,W
    C5104,4/21/2017,4:36:00 PM,505 S HIGHLAND AVE,LB303,29,F,W,14.09.030,NOISE VIOLATION,27,M,W
    C5581,6/23/2017,1:47:00 PM,N LINDBERGH DR & W 14TH ST,LB517,35,F,W,9-25-4-3,FAIL TO MAIN FINANCIAL RESPONS,52,F,W
    C5576,6/22/2017,8:55:00 AM,420 E KIRKWOOD AVE; CHIPOTLE MEXICAN GRILL KIRKWOOD,LB104,28,M,W,9-25-8-2,OPERATING/PERMITTING OPERATION W/O FINAN,52,F,W
    C5576,6/22/2017,8:55:00 AM,420 E KIRKWOOD AVE; CHIPOTLE MEXICAN GRILL KIRKWOOD,LB104,24,M,W,9-24-19-1,DRIVING WHILE SUSPENDED,52,F,W
    C5572,6/21/2017,11:46:00 AM,E 3RD ST & S CLARIZZ BLVD,LB221,23,F,U,9-21-8-21,TURNING AT INTERSECTIONS,52,F,W
    C5524,6/11/2017,9:41:00 AM,S PATTERSON DR & W PROSPECT ST,LB406,18,F,W,9-18.1-11-2(b)(2),OPERATING WITH EXPIRED PLATES/IFC,52,F,W
    C5488,6/4/2017,8:56:00 AM,S ALLENDALE DR & E WINSLOW RD,LB325,33,M,W,9-18.1-11-2(b)(2),OPERATING WITH EXPIRED PLATES/IFC,52,F,W
    C5487,6/3/2017,8:17:00 AM,S ROGERS ST & W KIRKWOOD AVE,LB520,18,M,W,9-18.1-11-2(b)(2),OPERATING WITH EXPIRED PLATES/IFC,52,F,W
    C5211,5/9/2017,9:44:00 AM,S LINCOLN ST & E 3RD ST,LB104,19,M,A,9-24-1-1,"LICENSES, CLASSES OF",52,F,W
    C5212,5/9/2017,9:44:00 AM,S LINCOLN ST & E 3RD ST,LB104,23,M,A,9-18-2-7,EXPIRED LICENSE PLATES,52,F,W
    C5210,5/8/2017,8:13:00 PM,S DUNN ST & E ALLEN ST,LB314,23,M,U,9-18.1-11-2(b)(2),OPERATING WITH EXPIRED PLATES/IFC,52,F,W
    C5208,5/6/2017,12:59:00 PM,E 13TH ST & N WOODLAWN AVE,LB214,27,M,A,9-25-8-2,OPERATING/PERMITTING OPERATION W/O FINAN,52,F,W
    C5038,4/18/2017,10:49:00 AM,BS S ROGERS\S ROCKPORT RD S,LB420,21,M,W,9-24-19-1,DRIVING WHILE SUSPENDED,52,F,W
    C5592,6/25/2017,9:11:00 PM,W 3RD ST & S JOHNSON AVE,LB404,38,M,B,9-21-5-2,SPEED MAXIMUM,23,M,L
    C5596,6/25/2017,4:42:00 PM,W 3RD ST & S LANDMARK AVE,LB405,31,F,W,9-21-5-2,SPEED MAXIMUM,23,M,L
    C5330,5/22/2017,4:00:00 PM,W KIRKWOOD AVE & N ADAMS ST,LB521,44,F,W,9-19-10-2,FRONT SEAT PASSENGER RESTRAINT,23,M,L
    C5320,5/20/2017,9:00:00 PM,S PATTERSON DR & W 3RD ST,LB406,33,M,B,9-24-19-1,DRIVING WHILE SUSPENDED,23,M,L
    C5325,5/18/2017,3:37:00 PM,S FESS AVE & E ATWATER AVE,LIU14,32,M,W,9-24-19-1,DRIVING WHILE SUSPENDED,23,M,L
    C5240,5/11/2017,8:21:00 PM,S HENDERSON ST & E ATWATER AVE,LIU14,25,M,W,9-18-2-26,IMPROPER DISPLAY REG PLATE,23,M,L
    C5091,4/20/2017,11:15:00 PM,221 E 9TH ST,LB102,25,M,W,14.09.030,NOISE VIOLATION,23,M,L
    C4908,4/4/2017,9:37:00 PM,E 3RD ST & S DUNN ST,LB104,37,M,U,9-19-6-4,IMPROPER TAIL/LICENSE PLATE LI,23,M,L
    C5559,6/18/2017,12:49:00 AM,E MILLER DR & S WALNUT ST,LB421,41,M,W,9-21-5-2,SPEED MAXIMUM,24,M,W
    C5532,6/13/2017,10:55:00 PM,N SUMMIT ST & N MONROE ST,LB517,21,M,B,9-24-19-1,DRIVING WHILE SUSPENDED,24,M,W
    C5490,6/6/2017,10:29:00 AM,N MAPLE ST & W 11TH ST,LB518,22,F,B,9-18.1-11-2(b)(2),OPERATING WITH EXPIRED PLATES/IFC,24,M,W
    C5234,5/12/2017,2:51:00 PM,S CURRY PIKE & W 3RD ST,LB402,36,M,W,9-18.1-11-2(b)(2),OPERATING WITH EXPIRED PLATES/IFC,24,M,W
    C5005,4/14/2017,11:17:00 PM,2500 S ROCKPORT RD; APT 103,LB424,22,F,W,14.09.030,NOISE VIOLATION,24,M,W
    C5599,6/24/2017,7:30:00 PM,213 E KIRKWOOD AVE,LB102,36,M,W,14.36.090,CONSUMPTION OF ALCOHOL IN PUBLIC,32,M,W
    C5443,5/26/2017,2:08:00 PM,BS S ROGERS ST\W DIXIE ST S; W of S Rogers St at W Dixie St,LB412,47,F,W,9-18-2-7,EXPIRED LICENSE PLATES,26,M,W
    C5315,5/20/2017,2:55:00 PM,S ROLLING RIDGE WAY & W BLOOMFIELD RD,LB414,50,M,W,9-18-2-21,REGISTRATION CERTIFICATE,26,M,W
    C5326,5/18/2017,2:40:00 PM,W TAPP RD & S STATE ROAD 37,LMS27,41,M,W,9-18-2-7,EXPIRED LICENSE PLATES,26,M,W
    C5124,4/23/2017,12:20:00 AM,1220 E HUNTER AVE,LB302,19,M,W,14.09.030,NOISE VIOLATION,26,M,W
    C5573,6/21/2017,11:10:00 AM,E RECHTER RD & E COVENANTER DR,LB311,31,M,L,9-24-19-1,DRIVING WHILE SUSPENDED,57,M,W
    C5669,6/29/2017,10:48:00 PM,S WOODSCREST DR & E 2ND ST,LB304,21,F,W,9-21-8-32,DISREGARDING STOP SIGN,32,M,W
    C5668,6/28/2017,11:32:00 PM,N STATE ROAD 46 & E EASTGATE LN,LB222,117,M,W,9-19-6-4,IMPROPER TAIL/LICENSE PLATE LI,32,M,W
    C5570,6/20/2017,10:30:00 PM,E 3RD ST & S KINGSTON DR,LB305,26,M,W,9-24-19-1,DRIVING WHILE SUSPENDED,32,M,W
    C5570,6/20/2017,10:30:00 PM,E 3RD ST & S KINGSTON DR,LB305,59,M,W,9-19-6-4,IMPROPER TAIL/LICENSE PLATE LI,32,M,W
    C5569,6/19/2017,11:31:00 PM,S WALNUT ST & E SOUTH DR,LB327,20,F,W,9-21-5-2,SPEED MAXIMUM,32,M,W
    C5106,4/21/2017,7:30:00 PM,1407 N DUNN ST,LB212,23,M,U,14.09.030,NOISE VIOLATION,32,M,W
    C5107,4/21/2017,7:30:00 PM,1407 N DUNN ST,LB212,22,M,U,14.09.030,NOISE VIOLATION,32,M,W
    C5214,5/9/2017,6:30:00 PM,S WALNUT STREET PIKE & E WINSLOW RD,LB328,22,M,W,9-24-19-1,DRIVING WHILE SUSPENDED,32,M,W
    C5342,5/22/2017,7:33:00 PM,W STATE ROAD 45 46 BYPASS & N STATE ROAD 37 RAMP,LB509,28,M,W,9-21-5-11,SPEED LIMIT WORKSITES,40,M,W
    C5341,5/22/2017,6:57:00 PM,W STATE ROAD 45 46 BYPASS & N STATE ROAD 37 RAMP,LB509,27,M,W,9-19-10-2,FRONT SEAT PASSENGER RESTRAINT,40,M,W
    C5345,5/22/2017,6:55:00 PM,W STATE ROAD 45 46 BYPASS & N STATE ROAD 37 RAMP,LB509,53,M,W,9-19-10-2,FRONT SEAT PASSENGER RESTRAINT,40,M,W
    C5346,5/22/2017,6:42:00 PM,W TAPP RD & S STATE ROAD 37,LMS27,29,M,W,9-19-10-2,FRONT SEAT PASSENGER RESTRAINT,40,M,W
    C5340,5/22/2017,6:31:00 PM,W STATE ROAD 45 46 BYPASS & N STATE ROAD 37 RAMP,LB509,33,M,W,9-19-10-2,FRONT SEAT PASSENGER RESTRAINT,40,M,W
    C5339,5/22/2017,6:18:00 PM,N STATE ROAD 37 RAMP & W STATE ROAD 45 46 BYPASS,LMN12,47,M,W,9-19-10-2,FRONT SEAT PASSENGER RESTRAINT,40,M,W
    C5337,5/22/2017,6:11:00 PM,W 3RD SR 37 OVERPASS; W 3rd ST and SR 37 Overpass,LB404,45,F,U,9-19-10-2,FRONT SEAT PASSENGER RESTRAINT,40,M,W
    C5338,5/22/2017,6:09:00 PM,W 3RD ST ENTR TO SR 37 NB,LB523,21,F,W,9-19-10-2,FRONT SEAT PASSENGER RESTRAINT,40,M,W
    C5333,5/22/2017,5:40:00 PM,S CURRY PIKE & W 3RD ST,LB402,24,M,W,9-19-10-2,FRONT SEAT PASSENGER RESTRAINT,40,M,W
    C5335,5/22/2017,5:40:00 PM,S CURRY PIKE & W 3RD ST,LB402,26,M,W,9-19-10-2,FRONT SEAT PASSENGER RESTRAINT,40,M,W
    C5352,5/22/2017,5:25:00 PM,W 3RD ST & S PROFILE PKWY,LMN10,20,M,W,9-19-10-2,FRONT SEAT PASSENGER RESTRAINT,40,M,W
    C5336,5/22/2017,5:15:00 PM,W 3RD ST & S PROFILE PKWY,LMN10,25,M,W,9-19-10-2,FRONT SEAT PASSENGER RESTRAINT,40,M,W
    C5348,5/22/2017,5:08:00 PM,S WESTERN DR & W 3RD ST,LB402,25,M,W,9-19-10-2,FRONT SEAT PASSENGER RESTRAINT,40,M,W
    C5349,5/22/2017,4:55:00 PM,W BROADWAY AVE & S CURRY PIKE,LMN09,25,M,W,9-19-10-2,FRONT SEAT PASSENGER RESTRAINT,40,M,W
    C5351,5/22/2017,4:21:00 PM,W 3RD ST & S KIMBLE DR,LB523,35,M,W,9-19-10-2,FRONT SEAT PASSENGER RESTRAINT,40,M,W
    C5254,5/15/2017,6:36:00 PM,N STATE ROAD 37 & W ACUFF RD,LMN20,21,F,B,9-21-5-3,EXCEEDING POSTED SPEED LIMIT,40,M,W
    C5253,5/15/2017,6:28:00 PM,N STATE ROAD 37 & W ACUFF RD,LMN20,31,M,W,9-19-10-2,FRONT SEAT PASSENGER RESTRAINT,40,M,W
    C5252,5/15/2017,5:34:00 PM,N WALNUT ST & E 17TH ST,LB519,26,M,W,9-19-10-2,FRONT SEAT PASSENGER RESTRAINT,40,M,W
    C5251,5/15/2017,5:17:00 PM,BS N WALNUT ST\E 14TH ST; E of N Walnut St S of E 14th St,LB213,27,M,W,9-19-10-2,FRONT SEAT PASSENGER RESTRAINT,40,M,W
    C5250,5/15/2017,5:04:00 PM,N WALNUT GROVE AVE & E 14TH ST,LIU08,34,M,W,9-19-10-2,FRONT SEAT PASSENGER RESTRAINT,40,M,W
    C5255,5/15/2017,4:50:00 PM,N WALNUT GROVE AVE & E 14TH ST,LIU08,30,M,W,9-19-10-2,FRONT SEAT PASSENGER RESTRAINT,40,M,W
    C5256,5/15/2017,4:32:00 PM,17TH & DUNN,LIU07,28,F,W,9-24-19-1,DRIVING WHILE SUSPENDED,40,M,W
    C5257,5/15/2017,4:32:00 PM,N WALNUT GROVE AVE & E 14TH ST,LIU08,43,F,W,9-19-10-2,FRONT SEAT PASSENGER RESTRAINT,40,M,W
    C5247,5/15/2017,4:12:00 PM,N WALNUT GROVE AVE & E 14TH ST,LIU08,43,M,W,9-19-10-2,FRONT SEAT PASSENGER RESTRAINT,40,M,W
    C5539,6/14/2017,4:23:00 PM,100 W 2ND ST,LB103,20,M,A,14.36.090,CONSUMPTION OF ALCOHOL IN PUBLIC,23,F,W
    C5519,6/7/2017,9:02:00 AM,S MADISON ST & W KIRKWOOD AVE,LB101,36,F,W,9-21-8-25,"TURNS, SIGNALING",23,F,W
    C5441,5/26/2017,7:20:00 PM,S STATE ROAD 37 & W 3RD ST,LB524,32,F,W,9-24-19-1,DRIVING WHILE SUSPENDED,23,F,W
    C5313,5/19/2017,10:34:00 PM,S CURRY PIKE & W 3RD ST,LB402,21,M,W,9-25-8-2,OPERATING/PERMITTING OPERATION W/O FINAN,23,F,W
    C5249,5/18/2017,1:23:00 PM,17TH & COLLEGE,LB519,22,M,W,9-21-3-7,DISREGARDING AUTOMATIC SIGNAL,23,F,W
    C5194,5/5/2017,1:35:00 AM,222 N WALNUT ST; ROCKITS FAMOUS PIZZA,LB102,42,M,W,9-21-17-5,SUDDEN MVMNT INTO PATH OF VEH,23,F,W
    C5184,5/3/2017,1:10:00 AM,N RANGE RD & N STATE ROAD 45 46 BYPASS,LIU10,26,M,L,9-19-6-3,NO OR IMPROPER HEADLIGHTS,23,F,W
    C5181,4/30/2017,1:02:00 AM,1150 S CLARIZZ BLVD; APT J338,LB310,20,F,W,14.09.030,NOISE VIOLATION,23,F,W
    C5156,4/24/2017,10:40:00 AM,505 N FESS AVE,LB215,23,M,W,14.09.030,NOISE VIOLATION,23,F,W
    C5103,4/20/2017,12:16:00 PM,1402 N GRANT ST,LB212,22,M,B,14.09.030,NOISE VIOLATION,23,F,W
    C5004,4/14/2017,11:52:00 PM,622 E 11TH ST,LB214,22,M,U,14.09.030,NOISE VIOLATION,23,F,W
    C4998,4/14/2017,3:00:00 AM,S ROGERS ST & W KIRKWOOD AVE,LB520,41,M,U,9-19-6-4,IMPROPER TAIL/LICENSE PLATE LI,23,F,W
    C4949,4/7/2017,3:39:00 AM,N WALNUT ST & W 8TH ST,LB102,33,M,W,7.1-5-7-3,POSESSION/FALSE ID,23,F,W
    C5316,5/17/2017,8:25:00 AM,2500 S WALNUT ST,LB422,24,F,W,9-24-19-1,DRIVING WHILE SUSPENDED,55,M,W
    C5237,5/15/2017,5:00:00 PM,E 11TH ST & N WALNUT GROVE AVE,LB214,26,M,W,9-21-8-24,"UNSAFE MOVEMENT,LANE TO LANE",45,M,W
    C5188,5/2/2017,8:35:00 PM,E 3RD ST & S OVERHILL DR,LB304,20,F,W,9-24-19-1,DRIVING WHILE SUSPENDED,34,M,W
    C5595,6/27/2017,10:36:00 PM,S HENDERSON ST & E NORTH DR,LB315,24,M,W,9-24-19-1,DRIVING WHILE SUSPENDED,32,M,W
    C5472,5/31/2017,10:00:00 PM,S WALNUT STREET PIKE & E WINSLOW RD,LB328,38,M,W,9-21-8-32,DISREGARDING STOP SIGN,32,M,W
    C5317,5/21/2017,2:19:00 PM,S WOODLAWN AVE & E ATWATER AVE,LIU14,35,F,W,9-18-2-7,EXPIRED LICENSE PLATES,36,F,W
    C5321,5/20/2017,8:58:00 AM,E 10TH ST & N STATE ROAD 45 46 BYPASS,LIU10,59,M,W,9-18-2-7,EXPIRED LICENSE PLATES,36,F,W
    C5223,5/10/2017,5:33:00 PM,S WALNUT ST & W 3RD ST,LB103,21,M,W,9-21-8-41,TRAFFIC CONTROL DEVICE DIS,26,M,W
    C5579,6/26/2017,12:03:00 AM,S WEIMER RD & W TAPP RD,LB431,25,M,W,9-18.1-11-2(b)(2),OPERATING WITH EXPIRED PLATES/IFC,31,M,W
    C5593,6/25/2017,11:29:00 PM,S STATE ROAD 37 & W 3RD ST,LB524,23,M,W,9-18.1-11-2(b)(2),OPERATING WITH EXPIRED PLATES/IFC,31,M,W
    C5593,6/25/2017,11:29:00 PM,S STATE ROAD 37 & W 3RD ST,LB524,38,M,W,9-24-19-1,DRIVING WHILE SUSPENDED,31,M,W
    C5593,6/25/2017,11:29:00 PM,S STATE ROAD 37 & W 3RD ST,LB524,38,M,W,9-21-7-2,LIGHTS; TIME FOR DISPLAY; EXCEPTION,31,M,W
    C5547,6/16/2017,2:23:00 PM,S WALNUT ST & E GRIMES LN,LB314,40,M,L,9-18.1-11-2(b)(2),OPERATING WITH EXPIRED PLATES/IFC,31,M,W
    C5500,6/8/2017,12:14:00 PM,E 17TH ST & N STATE ROAD 45 46 BYPASS,LIU05,42,M,W,9-18.1-11-2(b)(2),OPERATING WITH EXPIRED PLATES/IFC,31,M,W
    C5500,6/8/2017,12:14:00 PM,E 17TH ST & N STATE ROAD 45 46 BYPASS,LIU05,39,M,W,9-19-6-4,IMPROPER TAIL/LICENSE PLATE LI,31,M,W
    C5328,5/22/2017,10:03:00 PM,N GRANT ST & E 7TH ST,LB102,28,M,I,9-21-7-2,LIGHTS; TIME FOR DISPLAY; EXCEPTION,31,M,W
    C5319,5/21/2017,3:55:00 AM,S STATE ROAD 37 & W 3RD ST,LB524,21,M,W,9-18-2-7,EXPIRED LICENSE PLATES,31,M,W
    C5323,5/19/2017,3:19:00 AM,E 2ND ST & S DUNN ST,LB301,34,M,W,9-18-2-7,EXPIRED LICENSE PLATES,31,M,W
    C5233,5/14/2017,1:16:00 AM,N STATE ROAD 37 RAMP & W STATE ROAD 45 46 BYPASS,LMN12,23,F,W,9-19-6-4,IMPROPER TAIL/LICENSE PLATE LI,31,M,W
    C5233,5/14/2017,1:16:00 AM,N STATE ROAD 37 RAMP & W STATE ROAD 45 46 BYPASS,LMN12,55,F,W,9-19-6-6,NO BRAKE LIGHTS/TURN SIGNALS,31,M,W
    C5225,5/12/2017,2:32:00 AM,S ROGERS ST & W 2ND ST,LB409,27,F,W,9-21-8-41,TRAFFIC CONTROL DEVICE DIS,31,M,W
    C5180,4/30/2017,4:53:00 AM,S PATTERSON DR & W 3RD ST,LB406,28,M,L,9-21-8-25,"TURNS, SIGNALING",31,M,W
    C5179,4/30/2017,4:52:00 AM,S PATTERSON DR & W 3RD ST,LB406,20,M,L,9-21-8-24,"UNSAFE MOVEMENT,LANE TO LANE",31,M,W
    C5160,4/24/2017,11:25:00 PM,S SMITH RD & E HAGAN ST,LB307,20,M,A,9-18.1-11-2(b)(2),OPERATING WITH EXPIRED PLATES/IFC,31,M,W
    C5159,4/22/2017,10:24:00 PM,N WALNUT GROVE AVE & E 17TH ST,LIU07,21,M,B,9-24-19-1,DRIVING WHILE SUSPENDED,31,M,W
    C5015,4/15/2017,10:18:00 PM,928 W KIRKWOOD AVE,LB520,30,M,U,14.09.030,NOISE VIOLATION,31,M,W
    C4986,4/12/2017,3:41:00 AM,S WALNUT STREET PIKE & E WINSLOW RD,LB328,26,M,U,14.09.030,NOISE VIOLATION,31,M,W
    C4905,4/3/2017,8:48:00 PM,S STATE ROAD 37 & W 3RD ST,LB524,22,M,W,9-18-2-26,IMPROPER DISPLAY REG PLATE,31,M,W
    C4904,4/3/2017,7:20:00 PM,100 W 2ND ST,LB103,25,M,B,14.36.090,CONSUMPTION OF ALCOHOL IN PUBLIC,31,M,W
    C4860,4/2/2017,5:07:00 PM,S COLLEGE MALL RD & E 3RD ST,LB221,37,M,W,9-18.1-11-2(b)(2),OPERATING WITH EXPIRED PLATES/IFC,31,M,W
    C5674,6/30/2017,10:47:00 PM,W BLOOMFIELD RD & S OAKDALE DR,LB417,22,M,W,9-18-2-7,EXPIRED LICENSE PLATES,36,M,W
    C5670,6/29/2017,2:36:00 AM,W BLOOMFIELD RD & S LANDMARK AVE,LB406,21,M,U,9-24-19-1,DRIVING WHILE SUSPENDED,36,M,W
    C5671,6/29/2017,2:36:00 AM,W BLOOMFIELD RD & S LANDMARK AVE,LB406,21,M,U,9-18-2-27,FALSE REGISTRATION,36,M,W
    C5574,6/21/2017,1:15:00 AM,W 3RD ST & S CORY LN,LB522,29,M,W,9-21-5-2(1),EXCEEDING URBAN SPEED LIMIT,36,M,W
    C5560,6/20/2017,12:17:00 AM,S ROGERS ST & W PATTERSON DR,LB412,59,M,W,9-24-19-1,DRIVING WHILE SUSPENDED,36,M,W
    C5548,6/16/2017,12:39:00 AM,W 17TH ST & N CRESCENT RD,LB517,36,F,B,9-25-8-2,OPERATING/PERMITTING OPERATION W/O FINAN,36,M,W
    C5549,6/16/2017,12:39:00 AM,W 17TH ST & N CRESCENT RD,LB517,26,F,B,9-24-19-1,DRIVING WHILE SUSPENDED,36,M,W
    C5550,6/16/2017,12:39:00 AM,W 17TH ST & N CRESCENT RD,LB517,26,F,B,9-18.1-11-2(b)(2),OPERATING WITH EXPIRED PLATES/IFC,36,M,W
    C5530,6/12/2017,11:27:00 PM,W 2ND ST & S PATTERSON DR,LB406,49,F,U,9-19-6-3,NO OR IMPROPER HEADLIGHTS,36,M,W
    C5527,6/11/2017,10:33:00 PM,W 3RD ST & S LIBERTY DR,LB403,35,F,W,9-21-3-7,DISREGARDING AUTOMATIC SIGNAL,36,M,W
    C5483,6/6/2017,5:13:00 AM,N WALNUT ST & E 10TH ST,LB102,26,M,W,9-19-6-17,STOP/SIGNAL LAMP REQUIREMENTS,36,M,W
    C5485,6/6/2017,12:45:00 AM,W TAPP RD & S LEONARD SPRINGS RD,LB427,23,M,B,9-21-3-7,DISREGARDING AUTOMATIC SIGNAL,36,M,W
    C5494,6/3/2017,11:17:00 PM,N ADAMS ST & W 6TH ST,LB521,37,M,W,9-18.1-11-2(b)(2),OPERATING WITH EXPIRED PLATES/IFC,36,M,W
    C5494,6/3/2017,11:17:00 PM,N ADAMS ST & W 6TH ST,LB521,24,M,W,9-25-8-2,OPERATING/PERMITTING OPERATION W/O FINAN,36,M,W
    C5476,6/3/2017,1:20:00 AM,W TAPP RD & S LEONARD SPRINGS RD,LB427,25,M,W,9-21-8-2,LEFT OF CENTER,36,M,W
    C5491,6/2/2017,11:23:00 AM,S ROGERS ST & W PATTERSON DR,LB412,18,F,W,9-19-6-3,NO OR IMPROPER HEADLIGHTS,36,M,W
    C5444,5/26/2017,1:31:00 AM,W BLOOMFIELD SR 37 OVERPASS,LB417,28,F,W,9-19-6-17,STOP/SIGNAL LAMP REQUIREMENTS,36,M,W
    C5322,5/20/2017,12:44:00 AM,W STATE ROAD 45 & S LIBERTY DR,LB416,22,M,U,9-18-2-7,EXPIRED LICENSE PLATES,36,M,W
    C5324,5/18/2017,11:20:00 PM,S WALNUT ST & E GRIMES LN,LB314,22,M,W,9-19-6-3,NO OR IMPROPER HEADLIGHTS,36,M,W
    C5248,5/18/2017,1:10:00 PM,W VERNAL SR 37 OVERPASS; W Vernal Pike and SR 37 Overpass,LB516,23,M,U,9-21-5-6,EXCEEDING POSTED SPEED LIMIT,36,M,W
    C5205,5/7/2017,10:20:00 PM,S WALNUT ST & E HILLSIDE DR,LB421,35,F,W,9-21-3-7,DISREGARDING AUTOMATIC SIGNAL,36,M,W
    C5200,5/5/2017,10:49:00 PM,S WALNUT ST & E GRIMES LN,LB314,19,M,U,9-18-2-7,EXPIRED LICENSE PLATES,36,M,W
    C5187,5/2/2017,12:41:00 AM,2500 S ROCKPORT RD; COUNTRY VIEW APARTMENTS,LB424,19,M,B,9-18-2-7,EXPIRED LICENSE PLATES,36,M,W
    C5186,5/1/2017,1:00:00 AM,W VERNAL SR 37 OVERPASS; W Vernal Pike and SR 37 Overpass,LB516,40,F,W,9-18-2-27,FALSE REGISTRATION,36,M,W
    C5157,4/21/2017,9:40:00 PM,BS S WALUT ST/E BURKS DR; W of S Walnut St at E Burks Dr,LB434,23,M,W,9-24-19-1,DRIVING WHILE SUSPENDED,36,M,W
    C5101,4/21/2017,6:52:00 PM,S WALNUT STREET PIKE & E HEATHER DR,LB335,22,M,W,9-18-2-27,FALSE REGISTRATION,36,M,W
    C5102,4/21/2017,6:52:00 PM,S WALNUT STREET PIKE & E HEATHER DR,LB335,51,M,W,9-25-4-3,FAIL TO MAIN FINANCIAL RESPONS,36,M,W
    C5041,4/19/2017,2:02:00 AM,W VERNAL SR 37 OVERPASS; W Vernal Pike and SR 37 Overpass,LB516,19,M,U,9-21-5-6,EXCEEDING POSTED SPEED LIMIT,36,M,W
    C5028,4/18/2017,12:43:00 AM,S WALNUT ST & E GRIMES LN,LB314,21,F,W,9-18-2-7,EXPIRED LICENSE PLATES,36,M,W
    C5029,4/17/2017,10:14:00 PM,S GRANT ST & E 1ST ST,LB301,21,M,U,9-24-19-1,DRIVING WHILE SUSPENDED,36,M,W
    C5001,4/14/2017,4:00:00 AM,S ROCKPORT RD & W TAPP RD,LB432,25,M,W,9-24-19-1,DRIVING WHILE SUSPENDED,36,M,W
    C5002,4/14/2017,12:02:00 AM,W STATE ROAD 45 46 BYPASS & N STATE ROAD 37 RAMP,LB509,37,M,W,9-25-4-3,FAIL TO MAIN FINANCIAL RESPONS,36,M,W
    C4999,4/13/2017,11:11:00 PM,E NORTH DR & S WALNUT ST,LB421,46,M,U,9-18-2-7,EXPIRED LICENSE PLATES,36,M,W
    C4994,4/12/2017,11:45:00 PM,S PATTERSON DR & W 3RD ST,LB406,35,M,W,9-21-5-2,SPEED MAXIMUM,36,M,W
    C4966,4/9/2017,1:47:00 AM,S STATE ROAD 37 & W 3RD ST,LB524,34,M,U,9-18-2-7,EXPIRED LICENSE PLATES,36,M,W
    C4964,4/8/2017,11:13:00 PM,S WALNUT STREET PIKE & E WINSLOW RD,LB328,22,F,W,9-24-19-1,DRIVING WHILE SUSPENDED,36,M,W
    C5684,4/7/2017,2:36:00 AM,W STATE ROAD 45 46 BYPASS & N STATE ROAD 37 RAMP,LB509,20,M,U,9-24-19-1,DRIVING WHILE SUSPENDED,36,M,W
    C4855,4/1/2017,11:34:00 PM,W 3RD ST & S LIBERTY DR,LB403,20,F,W,9-25-4-3,FAIL TO MAIN FINANCIAL RESPONS,36,M,W
    C4855,4/1/2017,11:34:00 PM,W 3RD ST & S LIBERTY DR,LB403,28,F,W,9-19-6-3,NO OR IMPROPER HEADLIGHTS,36,M,W
    C5702,6/30/2017,3:30:00 PM,101 W 2ND ST; SEMINARY PARK,LB410,43,F,W,14.36.090,CONSUMPTION OF ALCOHOL IN PUBLIC,28,M,W
    C5451,5/30/2017,10:35:00 PM,S WALNUT STREET PIKE & S HENDERSON ST,LB329,20,M,A,9-21-8-32,DISREGARDING STOP SIGN,39,M,W
    C4969,4/10/2017,1:23:00 AM,W 11TH ST & N ADAMS ST,LB517,37,M,W,9-21-8-32,DISREGARDING STOP SIGN,39,M,W
    C5489,6/7/2017,10:18:00 AM,3098 S WALNUT ST,LB433,69,F,W,9-25-8-2,OPERATING/PERMITTING OPERATION W/O FINAN,43,M,W
    C5489,6/7/2017,10:18:00 AM,3098 S WALNUT ST,LB433,36,F,W,9-21-8-33,"FAILURE TO YIELD, PEDESTRIAN",43,M,W
    C5492,6/4/2017,10:58:00 AM,S ROGERS ST & W 2ND ST,LB409,47,M,W,9-24-19-1,DRIVING WHILE SUSPENDED,43,M,W
    C5446,5/30/2017,8:30:00 AM,501 E KIRKWOOD AVE; PEOPLES PARK,LB102,28,M,W,14.36.090,CONSUMPTION OF ALCOHOL IN PUBLIC,22,M,W
    C5600,6/27/2017,4:16:00 PM,S GRANT ST & E 3RD ST,LB104,28,M,U,9-25-8-2,OPERATING/PERMITTING OPERATION W/O FINAN,25,M,B
    C5591,6/25/2017,3:54:00 AM,S COLLEGE AVE & W KIRKWOOD AVE,LB101,32,M,U,9-18.1-11-2(b)(2),OPERATING WITH EXPIRED PLATES/IFC,25,M,B
    C5558,6/18/2017,5:31:00 PM,W PATTERSON DR & S MORTON ST,LB412,25,M,W,9-18-2-7,EXPIRED LICENSE PLATES,25,M,B
    C5565,6/17/2017,6:07:00 PM,W 2ND ST & S COLLEGE AVE,LB103,18,M,U,9-18.1-11-2(b)(2),OPERATING WITH EXPIRED PLATES/IFC,25,M,B
    C5566,6/17/2017,2:49:00 PM,W 2ND ST & S COLLEGE AVE,LB103,21,M,B,9-24-19-1,DRIVING WHILE SUSPENDED,25,M,B
    C5471,5/31/2017,2:15:00 PM,N WALNUT ST & E 6TH ST,LB101,21,F,A,9-18.1-2-3,REGISTRATION AND DISPLAY OF REGISTRATION,25,M,B
    C5245,5/16/2017,4:00:00 PM,S FESS AVE & E ATWATER AVE,LIU14,33,F,A,9-18-2-29,VEHICLES REQUIRING REGISTRATIO,25,M,B
    C5196,5/4/2017,1:55:00 PM,S WALNUT ST & E ALLEN ST,LB314,22,M,W,9-24-19-1,DRIVING WHILE SUSPENDED,25,M,B
    C5215,4/27/2017,5:11:00 PM,E 4TH ST & S INDIANA AVE,LIU14,117,M,W,9-21-8-31,"FAILURE TO YIELD, THRU HIGHWAY",25,M,B
    C5130,4/23/2017,2:29:00 PM,308 E 20TH ST,LB212,21,M,B,14.09.030,NOISE VIOLATION,25,M,B
    C5013,4/16/2017,4:22:00 PM,E 4TH ST & S INDIANA AVE,LIU14,24,F,W,9-21-8-32,DISREGARDING STOP SIGN,25,M,B
    C5528,6/11/2017,11:47:00 PM,S GRANT ST & E KIRKWOOD AVE,LB102,117,M,K,14.36.090,CONSUMPTION OF ALCOHOL IN PUBLIC,30,M,W
    C4970,4/9/2017,10:12:00 PM,S WASHINGTON ST & E 3RD ST,LB104,23,F,A,9-24-7-4,LEARNERS PERMIT,50,F,W
    C5439,5/27/2017,11:58:00 PM,W DODDS ST & S MORTON ST,LB411,43,M,W,9-24-19-1,DRIVING WHILE SUSPENDED,37,M,W
    C5049,4/19/2017,12:30:00 AM,545 S LINCOLN ST,LB301,23,M,W,14.09.030,NOISE VIOLATION,29,M,W
    C5048,4/19/2017,12:17:00 AM,1337 N DUNN ST,LB213,21,M,W,14.09.030,NOISE VIOLATION,29,M,W
    C5047,4/18/2017,10:40:00 PM,616 N WASHINGTON ST,LB213,22,M,W,14.09.030,NOISE VIOLATION,29,M,W
    C5046,4/18/2017,10:30:00 PM,533 N LINCOLN ST,LB102,22,M,W,14.09.030,NOISE VIOLATION,29,M,W
    C5043,4/18/2017,10:00:00 PM,1300 N WASHINGTON ST,LB212,22,M,B,14.09.030,NOISE VIOLATION,29,M,W
    C5031,4/18/2017,12:05:00 AM,302 W RILEY DR; APT I2,LB512,26,M,B,14.09.030,NOISE VIOLATION,29,M,W
    C5032,4/18/2017,12:00:00 AM,300 W RILEY DR; APT J2,LB512,22,M,B,14.09.030,NOISE VIOLATION,29,M,W
    C5030,4/17/2017,10:30:00 PM,315 E 7TH ST; BRUMMETT HOUSE,LB102,20,M,W,14.09.030,NOISE VIOLATION,29,M,W
    C4973,4/9/2017,1:00:00 AM,1311 N WASHINGTON ST,LB212,20,M,B,14.09.030,NOISE VIOLATION,29,M,W
    C4972,4/9/2017,12:56:00 AM,218 E 19TH ST,LB212,21,M,W,14.09.030,NOISE VIOLATION,29,M,W
    C4971,4/8/2017,11:00:00 PM,3100 S WALNUT STREET PIKE,LB336,59,M,B,14.09.030,NOISE VIOLATION,29,M,W
    C4950,4/6/2017,11:50:00 PM,345 S COLLEGE AVE; APT 401,LB103,33,M,W,14.09.030,NOISE VIOLATION,29,M,W
    C5556,6/19/2017,11:10:00 AM,W BLOOMFIELD RD & S STATE ROAD 37,LB417,35,F,B,9-24-19-1,DRIVING WHILE SUSPENDED,47,M,W
    C5105,4/20/2017,10:29:00 PM,525 N FESS AVE,LB215,22,M,W,14.09.030,NOISE VIOLATION,30,F,W
    C5069,4/20/2017,12:53:00 AM,600 W 17TH ST,LB513,29,M,B,14.09.030,NOISE VIOLATION,30,F,W
    C5067,4/19/2017,11:59:00 PM,1314 N WASHINGTON ST,LB212,23,M,B,14.09.030,NOISE VIOLATION,30,F,W
    C5070,4/19/2017,11:46:00 PM,1401 N LINCOLN ST,LB212,22,M,W,14.09.030,NOISE VIOLATION,30,F,W
    C4982,4/12/2017,1:03:56 AM,S WASHINGTON ST & E 3RD ST,LB104,47,F,L,9-24-19-1,DRIVING WHILE SUSPENDED,30,F,W
    C5542,6/15/2017,3:20:00 PM,S WALNUT ST & E 1ST ST,LB410,42,M,W,9-24-19-1,DRIVING WHILE SUSPENDED,31,M,W
    C4906,4/5/2017,11:54:00 PM,N COLLEGE AVE & W STATE ROAD 45 46 BYPASS,LB512,18,M,W,9-24-19-1,DRIVING WHILE SUSPENDED,31,M,W
    C5667,6/28/2017,10:46:00 PM,S STATE ROAD 37 & W 3RD ST,LB524,26,F,A,9-21-5-11,SPEED LIMIT WORKSITES,34,M,W
    C5585,6/21/2017,8:51:00 PM,W 3RD ST & S CORY LN,LB522,24,F,W,9-21-5-2,SPEED MAXIMUM,34,M,W
    C5586,6/20/2017,11:34:00 PM,N KINSER SR 37 OVERPASS; N Kinser Pike and SR 37 Overpass,LMN20,20,F,W,9-21-5-11(C)2,SPEED IN WORKSITE,34,M,W
    C5521,6/9/2017,10:36:00 PM,W TAPP RD & S STATE ROAD 37,LMS27,37,M,W,9-21-5-11,SPEED LIMIT WORKSITES,34,M,W
    C5522,5/16/2017,5:56:00 PM,S PATTERSON DR & W ALLEN ST,LB412,55,M,W,9-24-19-1,DRIVING WHILE SUSPENDED,34,M,W
    C5203,5/5/2017,8:37:00 PM,W TAPP RD & S STATE ROAD 37,LMS27,31,M,U,9-24-19-1,DRIVING WHILE SUSPENDED,34,M,W
    C4857,4/1/2017,9:27:00 PM,S HIGHLAND AVE & E 3RD ST,LIU13,28,M,U,35-45-3-2,LITTERING,34,M,W
    C5484,6/2/2017,11:00:00 PM,S WALNUT STREET PIKE & S HENDERSON ST,LB329,31,M,B,9-21-8-32,DISREGARDING STOP SIGN,25,M,W
    C5627,5/28/2017,12:37:00 AM,2500 S ROCKPORT RD; APT 1805,LB424,45,M,W,14.09.030,NOISE VIOLATION,25,M,W
    C5241,5/11/2017,6:46:00 PM,S ROGERS ST & W KIRKWOOD AVE,LB520,31,F,W,9-18-2-7,EXPIRED LICENSE PLATES,25,M,W
    C5088,4/21/2017,12:56:00 AM,S WALNUT STREET PIKE & E BURKS DR,LB336,21,M,W,9-24-19-1,DRIVING WHILE SUSPENDED,25,M,W
    C4856,4/2/2017,12:00:02 AM,E 3RD ST & S INDIANA AVE,LIU14,20,F,U,9-21-8-9,WRONG WAY ON ONE WAY,25,M,W
    C5673,6/30/2017,5:30:00 PM,W 3RD ST & S GATES DR,LB403,21,M,U,9-25-8-2,OPERATING/PERMITTING OPERATION W/O FINAN,24,M,W
    C5577,6/23/2017,7:06:00 PM,S ROGERS ST & W PATTERSON DR,LB412,50,M,W,9-25-8-2,OPERATING/PERMITTING OPERATION W/O FINAN,24,M,W
    C5575,6/19/2017,4:51:00 PM,S JACKSON ST & W KIRKWOOD AVE,LB408,20,F,B,9-24-19-1,DRIVING WHILE SUSPENDED,24,M,W
    C5575,6/19/2017,4:51:00 PM,S JACKSON ST & W KIRKWOOD AVE,LB408,26,F,B,9-25-8-2,OPERATING/PERMITTING OPERATION W/O FINAN,24,M,W
    C5052,4/18/2017,6:18:00 PM,S ROGERS ST & W PATTERSON DR,LB412,23,F,W,9-25-4-1,NO FINANCIAL RESPONSIBILITY,24,M,W
    C5009,4/13/2017,8:50:00 PM,2602 N KINSER PIKE; SKATE PARK AT UPPER CASCADES,LB511,18,M,W,14.36.090,CONSUMPTION OF ALCOHOL IN PUBLIC,24,M,W
    C4909,4/3/2017,2:53:00 PM,S BALLANTINE RD & E ATWATER AVE,LIU14,50,F,W,9-21-8-25,"TURNS, SIGNALING",24,M,W
    C4859,4/2/2017,6:15:00 PM,S WALNUT STREET PIKE & S HENDERSON ST,LB329,24,F,W,9-24-1-1,"LICENSES, CLASSES OF",24,M,W
    C5584,6/21/2017,6:46:00 PM,W 3RD ST & S GATES DR,LB403,57,M,B,9-25-8-2,OPERATING/PERMITTING OPERATION W/O FINAN,28,M,W
    C5568,6/19/2017,2:28:00 PM,W 11TH ST & N ROGERS ST,LB518,26,M,W,9-18.1-11-2(b)(2),OPERATING WITH EXPIRED PLATES/IFC,28,M,W
    C5239,5/15/2017,3:05:00 PM,S WALNUT ST & S WALNUT STREET PIKE,LB422,21,F,W,9-18.1-11-2(b)(2),OPERATING WITH EXPIRED PLATES/IFC,28,M,W
    C5207,5/7/2017,4:37:00 PM,N WILLIS DR & W 17TH ST,LB513,45,F,W,9-18.1-11-2(b)(2),OPERATING WITH EXPIRED PLATES/IFC,28,M,W
    C4967,4/9/2017,3:58:00 PM,N COLLEGE AVE & W 7TH ST,LB101,25,M,W,9-18.1-11-2(b)(2),OPERATING WITH EXPIRED PLATES/IFC,28,M,W
    C5318,5/21/2017,2:21:00 PM,W 2ND ST & S COLLEGE AVE,LB103,117,F,W,9-24-19-1,DRIVING WHILE SUSPENDED,30,F,W
    C5202,5/5/2017,3:24:00 PM,S WALNUT ST & E 1ST ST,LB410,29,F,W,9-18-2-27,FALSE REGISTRATION,30,F,W
    C5014,4/15/2017,4:15:00 PM,321 N WASHINGTON ST,LB102,31,M,W,14.09.030,NOISE VIOLATION,30,F,W
    C5089,4/18/2017,12:45:00 AM,419 N WASHINGTON ST; SHOWERS BRIDWELL HOUSE,LB102,25,M,W,14.09.030,NOISE VIOLATION,43,M,W
    C5090,4/18/2017,12:45:00 AM,419 N WASHINGTON ST; SHOWERS BRIDWELL HOUSE,LB102,21,M,W,14.09.030,NOISE VIOLATION,43,M,W
    C5033,4/15/2017,11:00:00 PM,109 S PARK RIDGE RD; APT G,LB219,21,F,B,14.09.030,NOISE VIOLATION,43,M,W
    C5042,4/15/2017,11:00:00 PM,109 S PARK RIDGE RD,LB219,30,F,B,14.09.030,NOISE VIOLATION,43,M,W
    C5545,6/15/2017,3:35:00 PM,101 W 2ND ST; SEMINARY PARK,LB410,26,M,B,14.36.090,CONSUMPTION OF ALCOHOL IN PUBLIC,33,M,W
    C5440,5/27/2017,1:04:00 PM,501 E KIRKWOOD AVE; PEOPLES PARK,LB102,27,F,W,14.36.090,CONSUMPTION OF ALCOHOL IN PUBLIC,33,M,W
    C5134,4/22/2017,5:40:00 PM,401 E 12TH ST,LB213,18,M,W,18.16.020,OPEN BURNING,33,M,W
    C5131,4/22/2017,5:30:00 PM,905 N GRANT ST,LB213,22,M,W,18.16.020,OPEN BURNING,33,M,W
    C5127,4/22/2017,5:15:00 PM,502 E 12TH ST; APT B,LB214,22,M,W,14.09.030,NOISE VIOLATION,33,M,W
    C5529,6/12/2017,3:37:00 PM,,,40,U,U,,,27,M,W
    C5523,6/11/2017,10:27:00 PM,N GRANT ST & E 9TH ST,LB102,38,M,W,9-21-8-23,UNSAFE START,27,M,W
    C4947,4/6/2017,6:09:00 PM,1711 N COLLEGE AVE,LB512,21,M,L,9-25-8-2,OPERATING/PERMITTING OPERATION W/O FINAN,27,M,W
    C5498,6/7/2017,3:45:00 PM,S HENDERSON ST & E ALLEN ST,LB314,39,F,W,9-21-8-32,DISREGARDING STOP SIGN,38,M,W
    C5499,6/7/2017,12:45:00 PM,N ROGERS ST & W 7TH ST,LB101,58,M,W,9-19-10-2,FRONT SEAT PASSENGER RESTRAINT,38,M,W
    C5496,6/7/2017,12:11:00 PM,W STATE ROAD 45 & S STATE ROAD 37,LB416,63,F,W,9-21-5-6,EXCEEDING POSTED SPEED LIMIT,38,M,W
    C5497,6/7/2017,11:14:00 AM,W TAPP RD & S STATE ROAD 37,LMS27,26,M,W,9-21-5-6,EXCEEDING POSTED SPEED LIMIT,38,M,W
    C5495,6/7/2017,10:53:00 AM,W BLOOMFIELD RD & S STATE ROAD 37,LB417,59,F,B,9-21-5-6,EXCEEDING POSTED SPEED LIMIT,38,M,W
    C5675,6/30/2017,2:21:00 PM,E 3RD ST & S JEFFERSON ST,LB304,51,M,W,9-24-19-3,DRIVING WHILE SUSPENDED PRIOR MISD,35,M,W
    C5442,5/26/2017,3:15:00 PM,E LONGVIEW AVE & E 7TH ST,LB221,49,F,W,9-18-2-7,EXPIRED LICENSE PLATES,35,M,W
    C5238,5/15/2017,2:17:00 PM,S WOODSCREST DR & E 3RD ST,LB304,52,M,W,9-19-10-2,FRONT SEAT PASSENGER RESTRAINT,35,M,W
    C5224,5/10/2017,6:05:00 PM,S FACULTY AVE & E ATWATER AVE,LIU14,22,F,W,9-18-2-7,EXPIRED LICENSE PLATES,35,M,W
    C5209,5/6/2017,6:10:00 PM,BS E 4TH ST\S WASHINGTON ST; N of E 4th St at Washington St,LB104,20,M,W,9-18-2-7,EXPIRED LICENSE PLATES,35,M,W
    C5201,5/5/2017,9:10:00 PM,S WOODSCREST DR & E 3RD ST,LB304,19,F,W,9-18-2-7,EXPIRED LICENSE PLATES,35,M,W
    C5183,4/30/2017,8:30:00 PM,WOODLAWN & COTTAGE GRV,LB214,27,M,W,9-21-8-9,WRONG WAY ON ONE WAY,35,M,W
    C4888,4/3/2017,11:30:00 AM,724 W 17TH ST,LB513,56,M,W,14.20.020,DISCHARGING FIREARM IN CITY LIMITS,39,M,W
    C5114,4/22/2017,7:15:00 PM,W 3RD ST & S CORY LN,LB522,21,M,W,9-21-5-6,EXCEEDING POSTED SPEED LIMIT,38,M,W
    C5551,6/16/2017,9:00:00 AM,W 3RD ST & S PATTERSON DR,LB407,16,F,W,9-24-19-1,DRIVING WHILE SUSPENDED,43,M,W
    C5587,6/22/2017,3:00:00 PM,N KINSER PIKE,LB513,23,M,B,9-18-2-7,EXPIRED LICENSE PLATES,24,M,W
    C5588,6/22/2017,3:00:00 PM,N KINSER PIKE,LB513,28,M,B,9-24-19-1,DRIVING WHILE SUSPENDED,24,M,W
    C5546,6/15/2017,3:06:00 PM,W TAPP RD,LB424,51,M,W,9-18-2-21,REGISTRATION CERTIFICATE,24,M,W
    C5543,6/14/2017,6:10:00 PM,W WALNUT LEAF DR & S LEONARD SPRINGS RD,LB427,25,F,B,9-24-19-1,DRIVING WHILE SUSPENDED,24,M,W
    C5541,6/14/2017,3:15:00 PM,534 S RONSON ST,LB406,37,M,B,14.09.030,NOISE VIOLATION,24,M,W
    C5512,6/8/2017,2:26:00 PM,N SUMMIT ST & W 13TH ST,LB517,31,M,W,,,24,M,W
    C5329,5/23/2017,2:40:00 AM,1800 N WALNUT ST; MOTEL 6,LB212,69,M,B,9-24-19-1,DRIVING WHILE SUSPENDED,24,M,W
    C5314,5/22/2017,2:45:00 AM,S COLLEGE AVE & W 4TH ST,LB103,41,M,W,9-18-2-7,EXPIRED LICENSE PLATES,24,M,W
    C5230,5/13/2017,3:35:00 AM,W TAPP RD & S LEONARD SPRINGS RD,LB427,55,M,L,9-21-8-2,LEFT OF CENTER,24,M,W
    C5230,5/13/2017,3:35:00 AM,W TAPP RD & S LEONARD SPRINGS RD,LB427,36,M,L,9-30-15-3,OPEN CONTAINERS IN PASSENGER COMPARTMENT,24,M,W
    C5242,5/11/2017,11:48:00 PM,N COLLEGE AVE & W 6TH ST,LB101,23,M,B,9-18-2-7,EXPIRED LICENSE PLATES,24,M,W
    C5171,4/25/2017,2:54:00 PM,S WALNUT ST & W COUNTRY CLUB DR,LB422,21,M,W,9-21-5-2(1),EXCEEDING URBAN SPEED LIMIT,24,M,W
    C5164,4/24/2017,3:41:00 PM,S ROGERS ST & W 2ND ST,LB409,22,F,I,9-18-2-7,EXPIRED LICENSE PLATES,24,M,W
    C5162,4/24/2017,2:12:00 PM,S COLLEGE MALL RD & E BUICK CADILLAC BLVD,LB305,27,M,I,9-18.1-11-2(b)(2),OPERATING WITH EXPIRED PLATES/IFC,24,M,W
    C5129,4/23/2017,1:33:00 PM,502 S MULLER PKWY; APT 230,LB404,19,M,W,14.09.030,NOISE VIOLATION,24,M,W
    C5128,4/23/2017,1:28:00 AM,502 S MULLER PKWY; APT 225,LB404,22,F,B,14.09.030,NOISE VIOLATION,24,M,W
    C5168,4/21/2017,6:32:00 PM,S STATE ROAD 37 & W 3RD ST,LB524,51,M,W,9-18-2-7,EXPIRED LICENSE PLATES,24,M,W
    C5003,4/13/2017,9:02:00 PM,S ROGERS ST & W 2ND ST,LB409,26,M,U,9-18.1-11-2(b)(2),OPERATING WITH EXPIRED PLATES/IFC,24,M,W
    C4985,4/8/2017,3:10:00 AM,1341 W MILIEU DR; APT 23102,LB406,54,M,U,14.09.030,NOISE VIOLATION,24,M,W
    C4968,4/7/2017,11:45:00 PM,1319 N DUNN ST; CHERRY HILL CHRISTIAN CENTER,LB213,20,M,W,14.09.030,NOISE VIOLATION,24,M,W
    C4854,4/2/2017,11:37:00 PM,1423 S MONON DR,LB411,22,M,W,14.09.030,NOISE VIOLATION,24,M,W
    C5531,6/13/2017,2:31:00 PM,101 W 2ND ST; SEMINARY PARK,LB410,27,M,W,14.36.090,CONSUMPTION OF ALCOHOL IN PUBLIC,37,M,W
    C5232,5/11/2017,2:48:00 PM,1327 N WALNUT ST,LB519,33,M,W,14.36.090,CONSUMPTION OF ALCOHOL IN PUBLIC,37,M,W
    C5006,4/13/2017,2:55:00 PM,101 W 2ND ST; SEMINARY PARK,LB410,55,M,W,14.36.090,CONSUMPTION OF ALCOHOL IN PUBLIC,37,M,W
    C5007,4/13/2017,2:35:00 PM,101 W 2ND ST; SEMINARY PARK,LB410,53,M,B,14.36.090,CONSUMPTION OF ALCOHOL IN PUBLIC,37,M,W
    C5008,4/13/2017,2:31:00 PM,101 W 2ND ST; SEMINARY PARK,LB410,40,M,K,14.36.090,CONSUMPTION OF ALCOHOL IN PUBLIC,37,M,W
    C4995,4/12/2017,2:45:00 PM,101 W 2ND ST; SEMINARY PARK,LB410,23,M,W,14.36.090,CONSUMPTION OF ALCOHOL IN PUBLIC,37,M,W
    C5525,6/9/2017,10:22:00 PM,E STATE ROAD 46 & S STATE ROAD 446,LB307,38,F,U,9-24-19-1,DRIVING WHILE SUSPENDED,29,M,W
    C5526,6/9/2017,10:22:00 PM,E STATE ROAD 46 & S STATE ROAD 446,LB307,23,F,U,9-18.1-11-2(b)(2),OPERATING WITH EXPIRED PLATES/IFC,29,M,W
    C4997,4/13/2017,12:50:00 AM,501 E KIRKWOOD AVE; PEOPLES PARK,LB102,35,M,W,11.08.070,VIOLATION OF PARK HOURS,29,M,W
    C5016,4/13/2017,12:50:00 AM,501 E KIRKWOOD AVE; PEOPLES PARK,LB102,53,M,K,11.08.070,VIOLATION OF PARK HOURS,29,M,W
    C4980,4/11/2017,8:41:00 PM,N MONROE ST & W 17TH ST,LB518,43,F,W,9-24-19-1,DRIVING WHILE SUSPENDED,29,M,W
    C4853,4/2/2017,2:10:00 AM,3105 E STRATUM WAY; APT 23,LB310,27,M,W,14.09.030,NOISE VIOLATION,29,M,W
    C4852,4/2/2017,1:25:00 AM,501 S SWAIN AVE,LB303,23,M,W,14.09.030,NOISE VIOLATION,29,M,W
    C4851,4/2/2017,1:05:00 AM,324 E 2ND ST; HISTORIC 324 E 2ND ST HOUSE,LB301,21,M,W,14.09.030,NOISE VIOLATION,29,M,W
    C4850,4/2/2017,12:45:00 AM,500 S SWAIN AVE,LB303,22,M,W,14.09.030,NOISE VIOLATION,29,M,W
    C4849,4/1/2017,12:45:00 AM,244 E VARSITY LN,LB212,21,M,W,14.09.030,NOISE VIOLATION,29,M,W
    C5598,6/24/2017,7:09:00 PM,101 W 2ND ST; SEMINARY PARK,LB410,56,M,W,14.36.090,CONSUMPTION OF ALCOHOL IN PUBLIC,36,M,W
    C5589,6/23/2017,8:43:00 AM,S ROGERS ST & W KIRKWOOD AVE,LB520,31,M,B,9-24-19-1,DRIVING WHILE SUSPENDED,36,M,W
    C5327,5/20/2017,11:43:00 AM,,,29,M,W,14.36.090,CONSUMPTION OF ALCOHOL IN PUBLIC,36,M,W
    C5012,4/14/2017,2:34:00 PM,S ADAMS ST & W 2ND ST,LB406,33,M,W,9-21-3-7,DISREGARDING AUTOMATIC SIGNAL,36,M,W
    C4979,4/11/2017,2:14:00 AM,N ROGERS ST & W 6TH ST,LB101,52,F,W,9-18-2-7,EXPIRED LICENSE PLATES,36,M,W
    C5520,6/9/2017,11:48:00 AM,S COLLEGE AVE & W 3RD ST,LB103,23,M,W,9-18-2-7,EXPIRED LICENSE PLATES,31,M,W
    C5243,5/11/2017,10:15:00 AM,W STATE ROAD 46 & N CURRY PIKE,LMN12,44,M,W,9-18-2-7,EXPIRED LICENSE PLATES,31,M,W
    C5000,4/14/2017,7:50:00 AM,S PATTERSON DR & W 3RD ST,LB406,25,M,W,9-18-2-7,EXPIRED LICENSE PLATES,31,M,W
    C4951,4/7/2017,9:25:00 AM,S CURRY PIKE & W 3RD ST,LB402,47,F,W,9-18-2-7,EXPIRED LICENSE PLATES,31,M,W
    C4952,4/5/2017,9:50:00 AM,W 3RD ST & S PROFILE PKWY,LMN10,24,M,W,9-18-2-7,EXPIRED LICENSE PLATES,31,M,W
    C5436,5/26/2017,5:42:00 PM,W 3RD ST & S LIBERTY DR,LB403,43,F,W,9-24-19-1,DRIVING WHILE SUSPENDED,37,M,W
    C5602,6/27/2017,11:28:00 PM,W 11TH ST & N ALEXANDER ST,LB517,49,F,W,9-18-2-7,EXPIRED LICENSE PLATES,31,M,B
    C5222,5/10/2017,10:34:00 PM,N ILLINOIS ST & W 15TH ST,LB517,23,F,W,9-18-2-7,EXPIRED LICENSE PLATES,31,M,B
    C5178,4/30/2017,3:21:00 AM,319 N WALNUT ST; KILROYS SPORTS BAR,LB101,20,M,L,9-25-8-2,OPERATING/PERMITTING OPERATION W/O FINAN,31,M,B
    C5011,4/14/2017,2:34:00 PM,S WALNUT ST & E 4TH ST,LB103,23,F,B,9-18-2-7,EXPIRED LICENSE PLATES,31,M,B
    C4978,4/11/2017,8:42:00 PM,W 11TH ST & N MONROE ST,LB517,21,F,W,9-24-19-1,DRIVING WHILE SUSPENDED,31,M,B
    C4965,4/7/2017,11:31:00 PM,S CURRY PIKE & W GIFFORD RD,LMS29,21,F,W,9-24-19-1,DRIVING WHILE SUSPENDED,31,M,B
    C4948,4/7/2017,1:27:00 AM,W STATE ROAD 45 46 BYPASS & N KINSER PIKE,LB511,36,M,B,9-24-19-1,DRIVING WHILE SUSPENDED,31,M,B
    C4907,4/5/2017,3:19:00 AM,S STATE ROAD 37 & W 3RD ST,LB524,30,M,W,9-24-19-1,DRIVING WHILE SUSPENDED,31,M,B
    C5567,6/18/2017,12:18:00 AM,E 3RD ST & S INDIANA AVE,LIU14,24,F,W,9-24-19-2,DRIVING WHILE SUSPENDED/WITHIN 10 YEARS,27,M,W
    C5010,4/14/2017,10:32:00 PM,S COLLEGE MALL RD & E 2ND ST,LB305,24,M,A,9-21-8-23,UNSAFE START,27,M,W
    C5486,6/5/2017,8:30:00 AM,W 3RD ST & S GATES DR,LB403,18,M,W,9-24-19-1,DRIVING WHILE SUSPENDED,33,M,W
    C5182,4/30/2017,12:30:00 PM,BS N PETE ELLIS\E JOHN HINKLE,LB221,21,M,A,9-21-8-29,"INTERSECTION, RIGHT OF WAY",33,M,W
    C4867,4/3/2017,9:25:00 AM,E 3RD ST & S INDIANA AVE,LIU14,33,M,A,9-18-2-1,REGISTRATION REQUIRED W/IN 60D,33,M,W
    C5387,5/24/2017,6:15:00 PM,S WALNUT ST & E KIRKWOOD AVE,LB102,20,F,W,9-24-19-1,DRIVING WHILE SUSPENDED,29,M,W
    C5204,5/7/2017,4:55:00 PM,601 W 2ND ST; IU HEALTH BLOOMINGTON HOSPITAL,LB409,19,F,W,35-45-3-2,LITTERING,29,M,W
    C4981,4/11/2017,5:00:00 PM,4125 N KINSER PIKE,LB502,29,M,W,9-25-8-2,OPERATING/PERMITTING OPERATION W/O FINAN,29,M,W
    C5594,6/27/2017,7:32:00 AM,N UNION ST & E 10TH ST,LIU09,20,F,W,9-18-2-7,EXPIRED LICENSE PLATES,29,M,W
    C5583,6/26/2017,7:19:00 AM,W 7TH ST & N ADAMS ST,LB521,23,F,W,9-18-2-7,EXPIRED LICENSE PLATES,29,M,W
    C5597,6/24/2017,9:56:00 PM,N COLLEGE AVE & W 10TH ST,LB101,72,M,W,9-18-2-7,EXPIRED LICENSE PLATES,29,M,W
    C5557,6/17/2017,7:47:00 AM,W 3RD ST,LB402,33,F,W,9-18-2-7,EXPIRED LICENSE PLATES,29,M,W
    C5672,6/29/2017,8:18:00 AM,W 3RD ST & S JOHNSON AVE,LB404,65,M,W,9-21-8-29,"INTERSECTION, RIGHT OF WAY",40,F,W
    C5672,6/29/2017,8:18:00 AM,W 3RD ST & S JOHNSON AVE,LB404,65,M,W,9-19-3-9,BRAKES INADEQUATE,40,F,W
    C5672,6/29/2017,8:18:00 AM,W 3RD ST & S JOHNSON AVE,LB404,65,M,W,9-18-2-21,REGISTRATION CERTIFICATE,40,F,W
    C5493,6/3/2017,9:13:00 AM,2900 N KINSER PIKE,LB510,24,M,L,9-21-5-2,SPEED MAXIMUM,40,F,W
